Data,Temperatura,Umiditatea,Vreme,Perioada,Vant,Activitate seismica,Calitate Aer,Viteza Vant
11:00:00,25.0,34.5,Senin,Zi,NE------>SV,Inactiv,Normal,0
11:00:14,25.0,34.5,Senin,Zi,NE------>SV,Inactiv,Normal,5
11:00:26,25.0,34.25,Senin,Zi,NE------>SV,Inactiv,Normal,5
11:00:34,25.0,34.25,Senin,Zi,NE------>SV,Inactiv,Normal,5
11:00:49,25.0,34.5,Senin,Zi,NE------>SV,Inactiv,Normal,5
11:01:03,25.0,34.25,Senin,Zi,NE------>SV,Inactiv,Normal,5
11:01:16,25.0,34.25,Senin,Zi,NE------>SV,Inactiv,Normal,5
11:01:30,25.0,33.75,Senin,Zi,NE------>SV,Inactiv,Normal,5
11:01:42,25.0,33.75,Senin,Zi,NE------>SV,Inactiv,Normal,5
11:02:05,25.0,34.0,Senin,Zi,NE------>SV,Inactiv,Normal,5
11:02:16,25.0,34.0,Senin,Zi,NE------>SV,Inactiv,Normal,5
11:02:27,25.0,34.0,Senin,Zi,NE------>SV,Inactiv,Normal,5
11:02:38,25.0,33.75,Senin,Zi,NE------>SV,Inactiv,Normal,5
11:02:52,25.0,33.5,Senin,Zi,NE------>SV,Inactiv,Normal,5
11:03:15,25.0,33.5,Senin,Zi,NE------>SV,Inactiv,Normal,5
11:03:26,25.0,33.75,Senin,Zi,NE------>SV,Inactiv,Normal,5
11:03:40,25.0,33.5,Senin,Zi,NE------>SV,Inactiv,Normal,5
11:03:52,25.0,33.5,Senin,Zi,NE------>SV,Inactiv,Normal,5
11:04:03,25.0,33.5,Senin,Zi,NE------>SV,Inactiv,Normal,5
11:04:22,25.0,33.75,Senin,Zi,NE------>SV,Inactiv,Normal,5
11:04:30,25.0,33.5,Senin,Zi,NE------>SV,Inactiv,Normal,5
11:04:51,25.0,33.5,Senin,Zi,NE------>SV,Inactiv,Normal,5
11:05:05,25.0,33.5,Senin,Zi,NE------>SV,Inactiv,Normal,5
11:05:17,25.0,33.5,Senin,Zi,NE------>SV,Inactiv,Normal,5
11:05:30,25.0,33.5,Senin,Zi,NE------>SV,Inactiv,Normal,5
11:05:44,25.0,34.0,Senin,Zi,NE------>SV,Inactiv,Poluare Moderata,5
11:05:56,25.0,34.0,Senin,Zi,NE------>SV,Inactiv,Poluare Moderata,5
11:06:14,25.0,34.5,Senin,Zi,NE------>SV,Inactiv,Normal,5
11:06:24,25.0,34.5,Senin,Zi,NE------>SV,  Activ Usor,Normal,5
11:06:39,25.0,34.5,Senin,Zi,NE------>SV,Inactiv,Normal,5
11:06:47,25.0,34.25,Senin,Zi,NE------>SV,Inactiv,Normal,5
11:06:57,25.0,34.0,Senin,Zi,NE------>SV,Inactiv,Poluare Moderata,5
11:07:07,25.0,34.5,Senin,Zi,NE------>SV,Inactiv,Poluare Moderata,5
11:07:23,25.0,34.75,Senin,Zi,NE------>SV,Inactiv,Poluare Moderata,5
11:07:33,25.0,34.5,Innorat,Zi,NE------>SV,Inactiv,Poluare Moderata,5
11:07:45,25.0,34.5,Senin,Zi,NE------>SV,Inactiv,Normal,5
11:07:56,25.0,34.25,Senin,Zi,NE------>SV,Inactiv,Normal,5
11:08:09,25.0,34.75,Senin,Zi,NE------>SV,  Activ Usor,Normal,50
11:08:18,25.0,34.5,Senin,Zi,NE------>SV,Inactiv,Normal,5
11:08:29,25.0,35.0,Senin,Zi,NE------>SV,Inactiv,Normal,5
11:08:38,25.0,34.75,Senin,Zi,NE------>SV,Inactiv,Normal,5
11:08:46,25.0,34.75,Senin,Zi,NE------>SV,Inactiv,Normal,5
11:08:54,25.0,34.5,Senin,Zi,NE------>SV,Inactiv,Normal,5
11:09:12,25.0,34.25,Senin,Zi,NE------>SV,Inactiv,Normal,5
11:09:21,25.0,34.25,Senin,Zi,NE------>SV,Inactiv,Normal,5
11:09:29,25.0,34.25,Senin,Zi,NE------>SV,Inactiv,Normal,5
11:09:38,25.0,34.25,Senin,Zi,NE------>SV,Inactiv,Normal,5
11:09:52,25.0,34.0,Senin,Zi,NE------>SV,Inactiv,Normal,5
11:10:00,25.0,34.0,Senin,Zi,NE------>SV,Inactiv,Normal,5
11:10:21,25.0,33.75,Senin,Zi,NE------>SV,Inactiv,Normal,5
11:10:30,25.0,34.0,Senin,Zi,NE------>SV,Inactiv,Normal,5
11:10:38,25.0,33.75,Senin,Zi,NE------>SV,Inactiv,Normal,5
11:10:50,25.0,33.75,Senin,Zi,NE------>SV,Inactiv,Normal,5
11:11:04,25.0,33.5,Senin,Zi,NE------>SV,Inactiv,Normal,5
11:11:13,25.0,33.5,Senin,Zi,NE------>SV,Inactiv,Normal,5
11:11:21,25.0,33.5,Senin,Zi,NE------>SV,Inactiv,Normal,5
11:11:36,25.0,33.5,Senin,Zi,NE------>SV,Inactiv,Normal,5
11:11:44,25.0,33.5,Senin,Zi,NE------>SV,Inactiv,Normal,5
11:11:53,25.0,33.5,Senin,Zi,NE------>SV,Inactiv,Normal,5
11:12:01,25.0,33.25,Senin,Zi,NE------>SV,Inactiv,Normal,5
11:12:10,25.0,33.5,Senin,Zi,NE------>SV,Inactiv,Normal,5
11:12:18,25.0,33.25,Senin,Zi,NE------>SV,Inactiv,Normal,5
11:12:26,25.0,33.25,Senin,Zi,NE------>SV,Inactiv,Normal,5
11:12:35,25.0,33.25,Senin,Zi,NE------>SV,Inactiv,Normal,5
11:12:46,25.0,33.5,Senin,Zi,NE------>SV,Inactiv,Normal,5
11:12:55,25.0,33.25,Senin,Zi,NE------>SV,Inactiv,Normal,5
11:13:03,25.0,33.25,Senin,Zi,NE------>SV,Inactiv,Normal,5
11:13:12,25.0,33.5,Senin,Zi,NE------>SV,Inactiv,Normal,5
11:13:23,25.0,33.5,Senin,Zi,NE------>SV,Inactiv,Normal,5
11:13:31,25.0,33.25,Senin,Zi,NE------>SV,Inactiv,Normal,5
11:13:45,25.0,33.25,Senin,Zi,NE------>SV,Inactiv,Normal,5
11:13:54,25.0,33.25,Senin,Zi,NE------>SV,Inactiv,Normal,5
11:14:13,25.0,33.25,Senin,Zi,NE------>SV,Inactiv,Normal,5
11:14:22,25.0,33.25,Senin,Zi,NE------>SV,Inactiv,Normal,5
11:14:30,25.0,33.25,Senin,Zi,NE------>SV,Inactiv,Normal,5
11:14:39,25.0,33.25,Senin,Zi,NE------>SV,Inactiv,Normal,5
11:14:50,25.0,33.25,Senin,Zi,NE------>SV,Inactiv,Normal,5
11:14:58,25.0,33.25,Senin,Zi,NE------>SV,Inactiv,Normal,5
11:15:12,25.0,33.5,Senin,Zi,NE------>SV,Inactiv,Normal,5
11:15:23,25.0,33.25,Senin,Zi,NE------>SV,Inactiv,Normal,5
11:15:34,25.0,33.25,Senin,Zi,NE------>SV,Inactiv,Normal,5
11:15:42,25.0,33.25,Senin,Zi,NE------>SV,Inactiv,Normal,5
11:15:51,25.0,33.25,Senin,Zi,NE------>SV,Inactiv,Normal,5
11:16:14,25.0,33.5,Senin,Zi,NE------>SV,Inactiv,Normal,5
11:16:23,25.0,33.5,Senin,Zi,NE------>SV,Inactiv,Normal,5
11:16:34,25.0,33.25,Senin,Zi,NE------>SV,Inactiv,Normal,5
11:16:43,25.0,33.25,Senin,Zi,NE------>SV,Inactiv,Normal,5
11:16:54,25.0,33.25,Senin,Zi,NE------>SV,Inactiv,Normal,5
11:17:03,25.0,33.25,Senin,Zi,NE------>SV,Inactiv,Normal,5
11:17:11,25.0,33.25,Senin,Zi,NE------>SV,Inactiv,Normal,5
11:17:20,25.0,33.25,Senin,Zi,NE------>SV,Inactiv,Normal,5
11:17:36,25.0,33.25,Senin,Zi,NE------>SV,Inactiv,Normal,5
11:17:50,25.0,33.25,Senin,Zi,NE------>SV,Inactiv,Normal,5
11:17:59,25.0,33.25,Senin,Zi,NE------>SV,Inactiv,Normal,5
11:18:07,25.0,33.25,Senin,Zi,NE------>SV,Inactiv,Normal,5
11:18:16,25.0,33.25,Senin,Zi,NE------>SV,Inactiv,Normal,5
11:18:29,25.0,33.25,Senin,Zi,NE------>SV,Inactiv,Normal,5
11:18:38,25.0,33.25,Senin,Zi,NE------>SV,Inactiv,Normal,5
11:18:46,25.0,33.25,Senin,Zi,NE------>SV,Inactiv,Normal,5
11:18:55,25.0,33.25,Senin,Zi,NE------>SV,Inactiv,Normal,5
11:19:03,25.0,33.25,Senin,Zi,NE------>SV,Inactiv,Normal,5
11:19:12,25.0,33.25,Senin,Zi,NE------>SV,Inactiv,Normal,5
11:19:20,25.0,33.25,Senin,Zi,NE------>SV,Inactiv,Normal,5
11:19:34,25.0,33.25,Senin,Zi,NE------>SV,Inactiv,Normal,5
11:19:43,25.0,33.25,Senin,Zi,NE------>SV,Inactiv,Normal,5
11:19:54,25.0,33.25,Senin,Zi,NE------>SV,Inactiv,Normal,5
11:20:06,25.0,33.25,Senin,Zi,NE------>SV,Inactiv,Normal,5
11:20:14,25.0,33.25,Senin,Zi,NE------>SV,Inactiv,Normal,5
11:20:25,25.0,33.25,Senin,Zi,NE------>SV,Inactiv,Normal,5
11:20:34,25.0,33.25,Senin,Zi,NE------>SV,Inactiv,Normal,5
11:20:42,25.0,33.25,Senin,Zi,NE------>SV,Inactiv,Normal,5
11:20:56,25.0,33.25,Senin,Zi,NE------>SV,Inactiv,Normal,5
11:21:10,25.0,33.25,Senin,Zi,NE------>SV,Inactiv,Normal,5
11:21:19,25.0,33.25,Senin,Zi,NE------>SV,Inactiv,Normal,5
11:21:27,25.0,33.25,Senin,Zi,NE------>SV,Inactiv,Normal,5
11:21:36,25.0,33.25,Senin,Zi,NE------>SV,Inactiv,Normal,5
11:21:44,25.0,33.25,Senin,Zi,NE------>SV,Inactiv,Normal,5
11:21:52,25.0,33.25,Senin,Zi,NE------>SV,Inactiv,Normal,5
11:22:01,25.0,33.25,Senin,Zi,NE------>SV,Inactiv,Normal,5
11:22:09,25.0,33.25,Senin,Zi,NE------>SV,Inactiv,Normal,5
11:22:18,25.0,33.25,Senin,Zi,NE------>SV,Inactiv,Normal,5
11:22:26,25.0,33.25,Senin,Zi,NE------>SV,Inactiv,Normal,5
11:22:46,25.0,33.25,Senin,Zi,NE------>SV,Inactiv,Normal,5
11:22:54,25.0,33.25,Senin,Zi,NE------>SV,Inactiv,Normal,5
11:23:03,25.0,33.25,Senin,Zi,NE------>SV,Inactiv,Normal,5
11:23:14,25.0,33.25,Senin,Zi,NE------>SV,Inactiv,Normal,5
11:23:22,25.0,33.25,Senin,Zi,NE------>SV,Inactiv,Normal,5
11:23:34,25.0,33.25,Senin,Zi,NE------>SV,Inactiv,Normal,5
11:23:42,25.0,33.25,Senin,Zi,NE------>SV,Inactiv,Normal,5
11:23:50,25.0,33.25,Senin,Zi,NE------>SV,Inactiv,Normal,5
11:24:02,25.0,33.25,Senin,Zi,NE------>SV,Inactiv,Normal,5
11:24:11,25.0,33.25,Senin,Zi,NE------>SV,Inactiv,Normal,5
11:24:19,25.0,33.25,Senin,Zi,NE------>SV,Inactiv,Normal,5
11:24:33,25.0,33.25,Senin,Zi,NE------>SV,Inactiv,Normal,5
11:24:41,25.0,33.25,Senin,Zi,NE------>SV,Inactiv,Normal,5
11:24:53,25.0,33.25,Senin,Zi,NE------>SV,Inactiv,Normal,5
11:25:08,25.0,33.25,Senin,Zi,NE------>SV,Inactiv,Normal,5
11:25:16,25.0,33.25,Senin,Zi,NE------>SV,Inactiv,Normal,5
11:25:27,25.0,33.25,Senin,Zi,NE------>SV,Inactiv,Normal,5
11:25:44,25.0,33.25,Senin,Zi,NE------>SV,Inactiv,Normal,5
11:25:58,25.0,33.25,Senin,Zi,NE------>SV,Inactiv,Normal,5
11:26:06,25.0,33.25,Senin,Zi,NE------>SV,Inactiv,Normal,5
11:26:15,25.0,33.25,Senin,Zi,NE------>SV,Inactiv,Normal,5
11:26:31,25.0,33.25,Senin,Zi,NE------>SV,Inactiv,Normal,5
11:26:39,25.0,33.25,Senin,Zi,NE------>SV,Inactiv,Normal,5
11:26:51,25.0,33.25,Senin,Zi,NE------>SV,Inactiv,Normal,5
11:26:59,25.0,33.0,Senin,Zi,NE------>SV,Inactiv,Normal,5
11:27:11,25.0,33.25,Senin,Zi,NE------>SV,Inactiv,Normal,5
11:27:19,25.0,33.25,Senin,Zi,NE------>SV,Inactiv,Normal,5
11:27:37,25.0,33.0,Senin,Zi,NE------>SV,Inactiv,Normal,5
11:27:48,25.0,33.25,Senin,Zi,NE------>SV,Inactiv,Normal,5
11:27:59,25.0,33.25,Senin,Zi,NE------>SV,Inactiv,Normal,5
11:28:07,25.0,33.0,Senin,Zi,NE------>SV,Inactiv,Normal,5
11:28:19,25.0,33.25,Senin,Zi,NE------>SV,Inactiv,Normal,5
11:28:30,25.0,33.25,Senin,Zi,NE------>SV,Inactiv,Normal,5
11:28:38,25.0,33.25,Senin,Zi,NE------>SV,Inactiv,Normal,5
11:28:47,25.0,33.25,Senin,Zi,NE------>SV,Inactiv,Normal,5
11:28:58,25.0,33.25,Senin,Zi,NE------>SV,Inactiv,Normal,5
11:29:09,25.0,33.0,Senin,Zi,NE------>SV,Inactiv,Normal,5
11:29:17,25.0,32.75,Senin,Zi,NE------>SV,Inactiv,Normal,5
11:29:26,25.0,33.0,Senin,Zi,NE------>SV,Inactiv,Normal,5
11:29:38,25.0,33.25,Senin,Zi,NE------>SV,Inactiv,Normal,5
11:29:46,25.0,33.0,Senin,Zi,NE------>SV,Inactiv,Normal,5
11:29:55,25.0,33.0,Senin,Zi,NE------>SV,Inactiv,Normal,5
11:30:03,25.0,33.25,Senin,Zi,NE------>SV,Inactiv,Normal,5
11:30:11,25.0,33.0,Senin,Zi,NE------>SV,Inactiv,Normal,5
11:30:20,25.0,33.0,Senin,Zi,NE------>SV,Inactiv,Normal,5
11:30:28,25.0,33.0,Senin,Zi,NE------>SV,Inactiv,Normal,5
11:30:37,25.0,33.0,Senin,Zi,NE------>SV,Inactiv,Normal,5
11:30:45,25.0,33.0,Senin,Zi,NE------>SV,Inactiv,Normal,5
11:31:05,25.0,33.0,Senin,Zi,NE------>SV,Inactiv,Normal,5
11:31:16,25.0,33.25,Senin,Zi,NE------>SV,Inactiv,Normal,5
11:31:24,25.0,33.25,Senin,Zi,NE------>SV,Inactiv,Normal,5
11:31:33,25.0,33.0,Senin,Zi,NE------>SV,Inactiv,Normal,5
11:31:41,25.0,33.0,Senin,Zi,NE------>SV,Inactiv,Normal,5
11:31:50,25.0,33.25,Senin,Zi,NE------>SV,Inactiv,Normal,5
11:31:58,25.0,33.25,Senin,Zi,NE------>SV,Inactiv,Normal,5
11:32:06,25.0,33.25,Senin,Zi,NE------>SV,Inactiv,Normal,5
11:32:18,25.0,33.25,Senin,Zi,NE------>SV,Inactiv,Normal,5
11:32:32,25.0,33.25,Senin,Zi,NE------>SV,Inactiv,Normal,5
11:32:44,25.0,33.25,Senin,Zi,NE------>SV,Inactiv,Normal,5
11:32:55,25.0,33.25,Senin,Zi,NE------>SV,Inactiv,Normal,5
11:33:12,25.0,33.25,Senin,Zi,NE------>SV,Inactiv,Normal,5
11:33:23,25.0,33.25,Senin,Zi,NE------>SV,Inactiv,Normal,5
11:33:37,25.0,33.25,Senin,Zi,NE------>SV,Inactiv,Normal,5
11:33:48,25.0,33.0,Senin,Zi,NE------>SV,Inactiv,Normal,5
11:33:57,25.0,33.25,Senin,Zi,NE------>SV,Inactiv,Normal,5
11:34:05,25.0,33.0,Senin,Zi,NE------>SV,Inactiv,Normal,5
11:34:14,25.0,33.25,Senin,Zi,NE------>SV,Inactiv,Normal,5
11:34:25,25.0,33.75,Senin,Zi,NE------>SV,Inactiv,Normal,5
11:34:33,25.0,33.5,Senin,Zi,NE------>SV,Inactiv,Normal,5
11:34:42,25.0,33.5,Senin,Zi,NE------>SV,Inactiv,Normal,5
11:34:50,25.0,33.25,Senin,Zi,NE------>SV,Inactiv,Normal,5
11:35:05,25.0,34.75,Senin,Zi,NE------>SV,Inactiv,Normal,5
11:35:13,25.0,34.75,Senin,Zi,NE------>SV,Inactiv,Normal,5
11:35:22,25.0,34.0,Senin,Zi,NE------>SV,Inactiv,Normal,5
11:35:30,25.0,33.75,Senin,Zi,NE------>SV,Inactiv,Normal,5
11:35:39,25.0,33.75,Senin,Zi,NE------>SV,Inactiv,Normal,5
11:35:47,25.0,33.5,Senin,Zi,NE------>SV,Inactiv,Normal,5
11:35:59,25.0,33.5,Senin,Zi,NE------>SV,Inactiv,Normal,5
11:36:11,25.0,33.5,Senin,Zi,NE------>SV,Inactiv,Normal,5
11:36:22,25.0,33.5,Senin,Zi,NE------>SV,Inactiv,Normal,5
11:36:31,25.0,33.5,Senin,Zi,NE------>SV,Inactiv,Normal,5
11:36:39,25.0,33.5,Senin,Zi,NE------>SV,Inactiv,Normal,5
11:36:50,25.0,33.25,Senin,Zi,NE------>SV,Inactiv,Normal,5
11:36:59,25.0,33.25,Senin,Zi,NE------>SV,Inactiv,Normal,5
11:37:07,25.0,33.25,Senin,Zi,NE------>SV,Inactiv,Normal,5
11:37:16,25.0,33.25,Senin,Zi,NE------>SV,Inactiv,Normal,5
11:37:24,25.0,33.25,Senin,Zi,NE------>SV,Inactiv,Normal,5
11:37:35,25.0,33.25,Senin,Zi,NE------>SV,Inactiv,Normal,5
11:37:44,25.0,33.0,Senin,Zi,NE------>SV,Inactiv,Normal,5
11:37:52,25.0,33.25,Senin,Zi,NE------>SV,Inactiv,Normal,5
11:38:01,25.0,33.0,Senin,Zi,NE------>SV,Inactiv,Normal,5
11:38:15,25.0,33.0,Senin,Zi,NE------>SV,Inactiv,Normal,5
11:38:24,25.0,33.25,Senin,Zi,NE------>SV,Inactiv,Normal,5
11:38:35,25.0,33.25,Senin,Zi,NE------>SV,Inactiv,Normal,5
11:38:43,25.0,32.75,Senin,Zi,NE------>SV,Inactiv,Normal,5
11:38:52,25.0,33.0,Senin,Zi,NE------>SV,Inactiv,Normal,5
11:39:03,25.0,33.0,Senin,Zi,NE------>SV,Inactiv,Normal,5
11:39:11,25.0,33.0,Senin,Zi,NE------>SV,Inactiv,Normal,5
11:39:20,25.0,33.0,Senin,Zi,NE------>SV,Inactiv,Normal,5
11:39:28,25.0,33.0,Senin,Zi,NE------>SV,Inactiv,Normal,5
11:39:37,25.0,33.0,Senin,Zi,NE------>SV,Inactiv,Normal,5
11:39:45,25.0,32.75,Senin,Zi,NE------>SV,Inactiv,Normal,5
11:40:02,25.0,32.75,Senin,Zi,NE------>SV,Inactiv,Normal,5
11:40:22,25.0,32.75,Senin,Zi,NE------>SV,Inactiv,Normal,5
11:40:30,25.0,33.0,Senin,Zi,NE------>SV,Inactiv,Normal,5
11:40:44,25.0,32.75,Senin,Zi,NE------>SV,Inactiv,Normal,5
11:40:53,25.0,33.0,Senin,Zi,NE------>SV,Inactiv,Normal,5
11:41:01,25.0,33.0,Senin,Zi,NE------>SV,Inactiv,Normal,5
11:41:10,25.0,32.75,Senin,Zi,NE------>SV,Inactiv,Normal,5
11:41:21,25.0,32.75,Senin,Zi,NE------>SV,Inactiv,Normal,5
11:41:35,25.0,33.0,Senin,Zi,NE------>SV,Inactiv,Normal,5
11:41:46,25.0,32.75,Senin,Zi,NE------>SV,Inactiv,Normal,5
11:41:55,25.0,33.25,Senin,Zi,NE------>SV,Inactiv,Normal,5
11:42:03,25.0,32.75,Senin,Zi,NE------>SV,Inactiv,Normal,5
11:42:12,25.0,33.0,Senin,Zi,NE------>SV,Inactiv,Normal,5
11:42:23,25.0,33.0,Senin,Zi,NE------>SV,Inactiv,Normal,5
11:42:32,25.0,33.0,Senin,Zi,NE------>SV,Inactiv,Normal,5
11:42:40,25.0,33.25,Senin,Zi,NE------>SV,Inactiv,Normal,5
11:42:48,25.0,32.75,Senin,Zi,NE------>SV,Inactiv,Normal,5
11:43:00,25.0,32.75,Senin,Zi,NE------>SV,Inactiv,Normal,5
11:43:09,25.0,33.0,Senin,Zi,NE------>SV,Inactiv,Normal,5
11:43:17,25.0,32.75,Senin,Zi,NE------>SV,Inactiv,Normal,5
11:43:26,25.0,32.75,Senin,Zi,NE------>SV,Inactiv,Normal,5
11:43:34,25.0,32.75,Senin,Zi,NE------>SV,Inactiv,Normal,5
11:43:45,25.0,33.0,Senin,Zi,NE------>SV,Inactiv,Normal,5
11:43:54,25.0,32.75,Senin,Zi,NE------>SV,Inactiv,Normal,5
11:44:05,25.0,32.75,Senin,Zi,NE------>SV,Inactiv,Normal,5
11:44:22,25.0,32.75,Senin,Zi,NE------>SV,Inactiv,Normal,5
11:44:31,25.0,32.75,Senin,Zi,NE------>SV,Inactiv,Normal,5
11:44:39,25.0,32.75,Senin,Zi,NE------>SV,Inactiv,Normal,5
11:44:51,25.0,32.75,Senin,Zi,NE------>SV,Inactiv,Normal,5
11:45:00,25.0,32.75,Senin,Zi,NE------>SV,Inactiv,Normal,5
11:45:08,25.0,32.75,Senin,Zi,NE------>SV,Inactiv,Normal,5
11:45:16,25.0,32.5,Senin,Zi,NE------>SV,Inactiv,Normal,5
11:45:28,25.0,32.5,Senin,Zi,NE------>SV,Inactiv,Normal,5
11:45:42,25.0,32.75,Senin,Zi,NE------>SV,Inactiv,Normal,5
11:45:53,25.0,32.75,Senin,Zi,NE------>SV,Inactiv,Normal,5
11:46:07,25.0,32.5,Senin,Zi,NE------>SV,Inactiv,Normal,5
11:46:18,25.0,32.5,Senin,Zi,NE------>SV,Inactiv,Normal,5
11:46:38,25.0,32.5,Senin,Zi,NE------>SV,Inactiv,Normal,5
11:46:52,25.0,32.5,Senin,Zi,NE------>SV,Inactiv,Normal,5
11:47:01,25.0,32.5,Senin,Zi,NE------>SV,Inactiv,Normal,5
11:47:15,25.0,32.75,Senin,Zi,NE------>SV,Inactiv,Normal,5
11:47:23,25.0,33.0,Senin,Zi,NE------>SV,Inactiv,Normal,5
11:47:32,25.0,32.75,Senin,Zi,NE------>SV,Inactiv,Normal,5
11:47:40,25.0,32.75,Senin,Zi,NE------>SV,Inactiv,Normal,5
11:47:49,25.0,32.75,Senin,Zi,NE------>SV,Inactiv,Normal,5
11:47:57,25.0,32.75,Senin,Zi,NE------>SV,Inactiv,Normal,5
11:48:06,25.0,32.5,Senin,Zi,NE------>SV,Inactiv,Normal,5
11:48:26,25.0,32.5,Senin,Zi,NE------>SV,Inactiv,Normal,5
11:48:34,25.0,32.5,Senin,Zi,NE------>SV,Inactiv,Normal,5
11:48:43,25.0,32.5,Senin,Zi,NE------>SV,Inactiv,Normal,5
11:48:51,25.0,32.5,Senin,Zi,NE------>SV,Inactiv,Normal,5
11:49:00,25.0,32.5,Senin,Zi,NE------>SV,Inactiv,Normal,5
11:49:14,25.0,32.5,Senin,Zi,NE------>SV,Inactiv,Normal,5
11:49:22,25.0,32.5,Senin,Zi,NE------>SV,Inactiv,Normal,5
11:49:31,25.0,32.5,Senin,Zi,NE------>SV,Inactiv,Normal,5
11:49:42,25.0,32.5,Senin,Zi,NE------>SV,Inactiv,Normal,5
11:49:59,25.0,32.25,Senin,Zi,NE------>SV,Inactiv,Normal,5
11:50:08,25.0,32.25,Senin,Zi,NE------>SV,Inactiv,Normal,5
11:50:19,25.0,32.25,Senin,Zi,NE------>SV,Inactiv,Normal,5
11:50:33,25.0,32.25,Senin,Zi,NE------>SV,Inactiv,Normal,5
11:50:41,25.0,32.25,Senin,Zi,NE------>SV,Inactiv,Normal,5
11:50:52,25.0,32.25,Senin,Zi,NE------>SV,Inactiv,Normal,5
11:51:01,25.0,32.25,Senin,Zi,NE------>SV,Inactiv,Normal,5
11:51:12,25.0,32.25,Senin,Zi,NE------>SV,Inactiv,Normal,5
11:51:20,25.0,32.5,Senin,Zi,NE------>SV,Inactiv,Normal,5
11:51:34,25.0,32.5,Senin,Zi,NE------>SV,Inactiv,Normal,5
11:51:42,25.0,32.5,Senin,Zi,NE------>SV,Inactiv,Normal,5
11:51:51,25.0,32.5,Senin,Zi,NE------>SV,Inactiv,Normal,5
11:52:02,25.0,32.25,Senin,Zi,NE------>SV,Inactiv,Normal,5
11:52:11,25.0,32.5,Senin,Zi,NE------>SV,Inactiv,Normal,5
11:52:19,25.0,32.25,Senin,Zi,NE------>SV,Inactiv,Normal,5
11:52:27,25.0,32.25,Senin,Zi,NE------>SV,Inactiv,Normal,5
11:52:39,25.0,32.0,Senin,Zi,NE------>SV,Inactiv,Normal,5
11:52:47,25.0,32.25,Senin,Zi,NE------>SV,Inactiv,Normal,5
11:52:56,25.0,32.25,Senin,Zi,NE------>SV,Inactiv,Normal,5
11:53:04,25.0,32.5,Senin,Zi,NE------>SV,Inactiv,Normal,5
11:53:12,25.0,32.75,Senin,Zi,NE------>SV,Inactiv,Normal,5
11:53:21,25.0,32.75,Senin,Zi,NE------>SV,Inactiv,Normal,5
11:53:29,25.0,33.0,Senin,Zi,NE------>SV,Inactiv,Normal,5
11:53:38,25.0,33.0,Senin,Zi,NE------>SV,Inactiv,Normal,5
11:53:46,25.0,33.0,Senin,Zi,NE------>SV,Inactiv,Normal,5
11:53:55,25.0,33.0,Senin,Zi,NE------>SV,Inactiv,Normal,5
11:54:03,25.0,33.0,Senin,Zi,NE------>SV,Inactiv,Normal,5
11:54:12,25.0,32.75,Senin,Zi,NE------>SV,Inactiv,Normal,5
11:54:23,25.0,32.75,Senin,Zi,NE------>SV,Inactiv,Normal,5
11:54:32,25.0,32.75,Senin,Zi,NE------>SV,Inactiv,Normal,5
11:54:40,25.0,32.75,Senin,Zi,NE------>SV,Inactiv,Normal,5
11:54:52,25.0,32.75,Senin,Zi,NE------>SV,Inactiv,Normal,5
11:55:00,25.0,32.75,Senin,Zi,NE------>SV,Inactiv,Normal,5
11:55:12,25.0,32.75,Senin,Zi,NE------>SV,Inactiv,Normal,5
11:55:26,25.0,32.75,Senin,Zi,NE------>SV,Inactiv,Normal,5
11:55:36,25.0,32.75,Senin,Zi,NE------>SV,Inactiv,Normal,5
11:55:45,25.0,32.5,Senin,Zi,NE------>SV,Inactiv,Normal,5
11:55:53,25.0,32.25,Senin,Zi,NE------>SV,Inactiv,Normal,5
11:56:05,25.0,32.25,Senin,Zi,NE------>SV,Inactiv,Normal,5
11:56:14,25.0,32.25,Senin,Zi,NE------>SV,Inactiv,Normal,5
11:56:22,25.0,32.5,Senin,Zi,NE------>SV,Inactiv,Normal,5
11:56:30,25.0,32.5,Senin,Zi,NE------>SV,Inactiv,Normal,5
11:56:39,25.0,32.25,Senin,Zi,NE------>SV,Inactiv,Normal,5
11:56:53,25.0,32.25,Senin,Zi,NE------>SV,Inactiv,Normal,5
11:57:04,25.0,32.25,Senin,Zi,NE------>SV,Inactiv,Normal,5
11:57:13,25.0,32.5,Senin,Zi,NE------>SV,Inactiv,Normal,5
11:57:24,25.0,32.5,Senin,Zi,NE------>SV,Inactiv,Normal,5
11:57:38,25.0,32.25,Senin,Zi,NE------>SV,Inactiv,Normal,5
11:57:49,25.0,32.25,Senin,Zi,NE------>SV,Inactiv,Normal,5
11:58:01,25.0,32.25,Senin,Zi,NE------>SV,Inactiv,Normal,5
11:58:10,25.0,32.25,Senin,Zi,NE------>SV,Inactiv,Normal,5
11:58:21,25.0,32.0,Senin,Zi,NE------>SV,Inactiv,Normal,5
11:58:30,25.0,32.0,Senin,Zi,NE------>SV,Inactiv,Normal,5
11:58:41,25.0,32.0,Senin,Zi,NE------>SV,Inactiv,Normal,5
11:58:55,25.0,32.25,Senin,Zi,NE------>SV,Inactiv,Normal,5
11:59:04,25.0,32.25,Senin,Zi,NE------>SV,Inactiv,Normal,5
11:59:24,25.0,32.25,Senin,Zi,NE------>SV,Inactiv,Normal,5
11:59:32,25.0,32.25,Senin,Zi,NE------>SV,Inactiv,Normal,5
11:59:41,25.0,32.25,Senin,Zi,NE------>SV,Inactiv,Normal,5
11:59:49,25.0,32.25,Senin,Zi,NE------>SV,Inactiv,Normal,5
11:59:58,25.0,32.25,Senin,Zi,NE------>SV,Inactiv,Normal,5
12:00:09,25.0,32.5,Senin,Zi,NE------>SV,Inactiv,Normal,5
12:00:18,25.0,32.5,Senin,Zi,NE------>SV,Inactiv,Normal,5
12:00:26,25.0,32.25,Senin,Zi,NE------>SV,Inactiv,Normal,5
12:00:35,25.0,32.25,Senin,Zi,NE------>SV,Inactiv,Normal,5
12:00:43,25.0,32.25,Senin,Zi,NE------>SV,Inactiv,Normal,5
12:00:52,25.0,32.25,Senin,Zi,NE------>SV,Inactiv,Normal,5
12:01:03,25.0,32.25,Senin,Zi,NE------>SV,Inactiv,Normal,5
12:01:12,25.0,32.25,Senin,Zi,NE------>SV,Inactiv,Normal,5
12:01:20,25.0,32.25,Senin,Zi,NE------>SV,Inactiv,Normal,5
12:01:29,25.0,32.25,Senin,Zi,NE------>SV,Inactiv,Normal,5
12:01:37,25.0,32.0,Senin,Zi,NE------>SV,Inactiv,Normal,5
12:01:46,25.0,32.25,Senin,Zi,NE------>SV,Inactiv,Normal,5
12:01:54,25.0,32.0,Senin,Zi,NE------>SV,Inactiv,Normal,5
12:02:03,25.0,32.0,Senin,Zi,NE------>SV,Inactiv,Normal,5
12:02:11,25.0,32.25,Senin,Zi,NE------>SV,Inactiv,Normal,5
12:02:22,25.0,32.0,Senin,Zi,NE------>SV,Inactiv,Normal,5
12:02:31,25.0,32.0,Senin,Zi,NE------>SV,Inactiv,Normal,5
12:02:39,25.0,32.0,Senin,Zi,NE------>SV,Inactiv,Normal,5
12:02:48,25.0,32.25,Senin,Zi,NE------>SV,Inactiv,Normal,5
12:03:07,25.0,32.25,Senin,Zi,NE------>SV,Inactiv,Normal,5
12:03:18,25.0,32.25,Senin,Zi,NE------>SV,Inactiv,Normal,5
12:03:27,25.0,32.25,Senin,Zi,NE------>SV,Inactiv,Normal,5
12:03:38,25.0,32.25,Senin,Zi,NE------>SV,Inactiv,Normal,5
12:03:46,25.0,32.25,Senin,Zi,NE------>SV,Inactiv,Normal,5
12:03:55,25.0,32.25,Senin,Zi,NE------>SV,Inactiv,Normal,5
12:04:03,25.0,32.0,Senin,Zi,NE------>SV,Inactiv,Normal,5
12:04:11,25.0,32.25,Senin,Zi,NE------>SV,Inactiv,Normal,5
12:04:25,25.0,32.25,Senin,Zi,NE------>SV,Inactiv,Normal,5
12:04:34,25.0,32.0,Senin,Zi,NE------>SV,Inactiv,Normal,5
12:04:55,25.0,31.75,Senin,Zi,NE------>SV,Inactiv,Normal,5
12:05:06,25.0,32.0,Senin,Zi,NE------>SV,Inactiv,Normal,5
12:05:17,25.0,32.0,Senin,Zi,NE------>SV,Inactiv,Normal,5
12:05:26,25.0,31.75,Senin,Zi,NE------>SV,Inactiv,Normal,5
12:05:34,25.0,31.75,Senin,Zi,NE------>SV,Inactiv,Normal,5
12:05:43,25.0,32.0,Senin,Zi,NE------>SV,Inactiv,Normal,5
12:05:51,25.0,32.0,Senin,Zi,NE------>SV,Inactiv,Normal,5
12:06:00,25.0,32.0,Senin,Zi,NE------>SV,Inactiv,Normal,5
12:06:11,25.0,32.0,Senin,Zi,NE------>SV,Inactiv,Normal,5
12:06:20,25.0,32.0,Senin,Zi,NE------>SV,Inactiv,Normal,5
12:06:28,25.0,32.0,Senin,Zi,NE------>SV,Inactiv,Normal,5
12:06:37,25.0,32.0,Senin,Zi,NE------>SV,Inactiv,Normal,5
12:06:45,25.0,32.0,Senin,Zi,NE------>SV,Inactiv,Normal,5
12:06:54,25.0,32.0,Senin,Zi,NE------>SV,Inactiv,Normal,5
12:07:02,25.0,32.0,Senin,Zi,NE------>SV,Inactiv,Normal,5
12:07:11,25.0,32.0,Senin,Zi,NE------>SV,Inactiv,Normal,5
12:07:19,25.0,32.0,Senin,Zi,NE------>SV,Inactiv,Normal,5
12:07:30,25.0,32.0,Senin,Zi,NE------>SV,Inactiv,Normal,5
12:07:38,25.0,32.0,Senin,Zi,NE------>SV,Inactiv,Normal,5
12:07:47,25.0,32.25,Senin,Zi,NE------>SV,Inactiv,Normal,5
12:07:55,25.0,32.25,Senin,Zi,NE------>SV,Inactiv,Normal,5
12:08:04,25.0,32.25,Senin,Zi,NE------>SV,Inactiv,Normal,5
12:08:15,25.0,32.5,Senin,Zi,NE------>SV,Inactiv,Normal,5
12:08:24,25.0,32.5,Senin,Zi,NE------>SV,Inactiv,Normal,5
12:08:32,25.0,32.5,Senin,Zi,NE------>SV,Inactiv,Normal,5
12:08:41,25.0,32.5,Senin,Zi,NE------>SV,Inactiv,Normal,5
12:08:49,25.0,32.5,Senin,Zi,NE------>SV,Inactiv,Normal,5
12:08:58,25.0,32.5,Senin,Zi,NE------>SV,Inactiv,Normal,5
12:09:06,25.0,32.25,Senin,Zi,NE------>SV,Inactiv,Normal,5
12:09:14,25.0,32.25,Senin,Zi,NE------>SV,Inactiv,Normal,5
12:09:26,25.0,32.25,Senin,Zi,NE------>SV,Inactiv,Normal,5
12:09:34,25.0,32.25,Senin,Zi,NE------>SV,Inactiv,Normal,5
12:09:43,25.0,32.0,Senin,Zi,NE------>SV,Inactiv,Normal,5
12:09:51,25.0,32.25,Senin,Zi,NE------>SV,Inactiv,Normal,5
12:10:04,25.0,31.75,Senin,Zi,NE------>SV,Inactiv,Normal,5
12:10:15,25.0,32.0,Senin,Zi,NE------>SV,Inactiv,Normal,5
12:10:29,25.0,32.25,Senin,Zi,NE------>SV,Inactiv,Normal,5
12:10:37,25.0,32.25,Senin,Zi,NE------>SV,Inactiv,Normal,5
12:10:48,25.0,32.25,Senin,Zi,NE------>SV,Inactiv,Normal,5
12:10:59,25.0,32.25,Senin,Zi,NE------>SV,Inactiv,Normal,5
12:11:08,25.0,32.25,Senin,Zi,NE------>SV,Inactiv,Normal,5
12:11:19,25.0,32.0,Senin,Zi,NE------>SV,Inactiv,Normal,5
12:11:32,25.0,32.5,Senin,Zi,NE------>SV,Inactiv,Normal,5
12:11:41,25.0,32.25,Senin,Zi,NE------>SV,Inactiv,Normal,5
12:11:49,25.0,32.25,Senin,Zi,NE------>SV,Inactiv,Normal,5
12:11:58,25.0,32.25,Senin,Zi,NE------>SV,Inactiv,Normal,5
12:12:06,25.0,32.25,Senin,Zi,NE------>SV,Inactiv,Normal,5
12:12:17,25.0,32.0,Senin,Zi,NE------>SV,Inactiv,Normal,5
12:12:26,25.0,32.0,Senin,Zi,NE------>SV,Inactiv,Normal,5
12:12:34,25.0,32.0,Senin,Zi,NE------>SV,Inactiv,Normal,5
12:12:45,25.0,32.0,Senin,Zi,NE------>SV,Inactiv,Normal,5
12:12:54,25.0,32.0,Senin,Zi,NE------>SV,Inactiv,Normal,5
12:13:02,25.0,32.0,Senin,Zi,NE------>SV,Inactiv,Normal,5
12:13:11,25.0,32.0,Senin,Zi,NE------>SV,Inactiv,Normal,5
12:13:19,25.0,32.0,Senin,Zi,NE------>SV,Inactiv,Normal,5
12:13:30,25.0,32.0,Senin,Zi,NE------>SV,Inactiv,Normal,5
12:13:42,25.0,32.0,Senin,Zi,NE------>SV,Inactiv,Normal,5
12:13:53,25.0,32.0,Senin,Zi,NE------>SV,Inactiv,Normal,5
12:14:01,25.0,32.0,Senin,Zi,NE------>SV,Inactiv,Normal,5
12:14:09,25.0,32.0,Senin,Zi,NE------>SV,Inactiv,Normal,5
12:14:18,25.0,32.0,Senin,Zi,NE------>SV,Inactiv,Normal,5
12:14:26,25.0,32.25,Senin,Zi,NE------>SV,Inactiv,Normal,5
12:14:35,25.0,32.0,Senin,Zi,NE------>SV,Inactiv,Normal,5
12:14:55,25.0,32.0,Senin,Zi,NE------>SV,Inactiv,Normal,5
12:15:04,25.0,32.0,Senin,Zi,NE------>SV,Inactiv,Normal,5
12:15:12,25.0,32.0,Senin,Zi,NE------>SV,Inactiv,Normal,5
12:15:21,25.0,32.0,Senin,Zi,NE------>SV,Inactiv,Normal,5
12:15:29,25.0,32.0,Senin,Zi,NE------>SV,Inactiv,Normal,5
12:15:38,25.0,32.0,Senin,Zi,NE------>SV,Inactiv,Normal,5
12:15:46,25.0,32.0,Senin,Zi,NE------>SV,Inactiv,Normal,5
12:15:54,25.0,32.0,Senin,Zi,NE------>SV,Inactiv,Normal,5
12:16:03,25.0,32.25,Senin,Zi,NE------>SV,Inactiv,Normal,5
12:16:11,25.0,32.25,Senin,Zi,NE------>SV,Inactiv,Normal,5
12:16:20,25.0,32.0,Senin,Zi,NE------>SV,Inactiv,Normal,5
12:16:28,25.0,32.0,Senin,Zi,NE------>SV,Inactiv,Normal,5
12:16:37,25.0,32.0,Senin,Zi,NE------>SV,Inactiv,Normal,5
12:16:45,25.0,32.0,Senin,Zi,NE------>SV,Inactiv,Normal,5
12:16:54,25.0,32.0,Senin,Zi,NE------>SV,Inactiv,Normal,5
12:17:05,25.0,32.25,Senin,Zi,NE------>SV,Inactiv,Normal,5
12:17:13,25.0,32.25,Senin,Zi,NE------>SV,Inactiv,Normal,5
12:17:22,25.0,32.25,Senin,Zi,NE------>SV,Inactiv,Normal,5
12:17:30,25.0,32.25,Senin,Zi,NE------>SV,Inactiv,Normal,5
12:17:39,25.0,32.25,Senin,Zi,NE------>SV,Inactiv,Normal,5
12:17:47,25.0,32.0,Senin,Zi,NE------>SV,Inactiv,Normal,5
12:17:56,25.0,32.0,Senin,Zi,NE------>SV,Inactiv,Normal,5
12:18:04,25.0,32.25,Senin,Zi,NE------>SV,Inactiv,Normal,5
12:18:12,25.0,32.0,Senin,Zi,NE------>SV,Inactiv,Normal,5
12:18:24,25.0,32.0,Senin,Zi,NE------>SV,Inactiv,Normal,5
12:18:32,25.0,32.25,Senin,Zi,NE------>SV,Inactiv,Normal,5
12:18:47,25.0,32.25,Senin,Zi,NE------>SV,Inactiv,Normal,5
12:18:55,25.0,32.25,Senin,Zi,NE------>SV,Inactiv,Normal,5
12:19:03,25.0,32.25,Senin,Zi,NE------>SV,Inactiv,Normal,5
12:19:23,25.0,32.25,Senin,Zi,NE------>SV,Inactiv,Normal,5
12:19:32,25.0,32.25,Senin,Zi,NE------>SV,Inactiv,Normal,5
12:19:46,25.0,31.5,Senin,Zi,NE------>SV,Inactiv,Normal,5
12:19:57,25.0,31.75,Senin,Zi,NE------>SV,Inactiv,Normal,5
12:20:05,25.0,32.0,Senin,Zi,NE------>SV,Inactiv,Normal,5
12:20:14,25.0,32.0,Senin,Zi,NE------>SV,Inactiv,Normal,5
12:20:22,25.0,32.0,Senin,Zi,NE------>SV,Inactiv,Normal,5
12:20:31,25.0,32.0,Senin,Zi,NE------>SV,Inactiv,Normal,5
12:20:39,25.0,32.0,Senin,Zi,NE------>SV,Inactiv,Normal,5
12:20:48,25.0,32.0,Senin,Zi,NE------>SV,Inactiv,Normal,5
12:20:56,25.0,32.0,Senin,Zi,NE------>SV,Inactiv,Normal,5
12:21:04,25.0,32.0,Senin,Zi,NE------>SV,Inactiv,Normal,5
12:21:13,25.0,32.0,Senin,Zi,NE------>SV,Inactiv,Normal,5
12:21:21,25.0,32.0,Senin,Zi,NE------>SV,Inactiv,Normal,5
12:21:33,25.0,32.0,Senin,Zi,NE------>SV,Inactiv,Normal,5
12:21:47,25.0,32.0,Senin,Zi,NE------>SV,Inactiv,Normal,5
12:21:55,25.0,32.0,Senin,Zi,NE------>SV,Inactiv,Normal,5
12:22:06,25.0,32.0,Senin,Zi,NE------>SV,Inactiv,Normal,5
12:22:20,25.0,32.25,Senin,Zi,NE------>SV,Inactiv,Normal,5
12:22:35,25.0,32.25,Senin,Zi,NE------>SV,Inactiv,Normal,5
12:22:43,25.0,32.25,Senin,Zi,NE------>SV,Inactiv,Normal,5
12:22:52,25.0,32.25,Senin,Zi,NE------>SV,Inactiv,Normal,5
12:23:00,25.0,32.25,Senin,Zi,NE------>SV,Inactiv,Normal,5
12:23:09,25.0,32.25,Senin,Zi,NE------>SV,Inactiv,Normal,5
12:23:17,25.0,32.25,Senin,Zi,NE------>SV,Inactiv,Normal,5
12:23:26,25.0,32.25,Senin,Zi,NE------>SV,Inactiv,Normal,5
12:23:37,25.0,32.25,Senin,Zi,NE------>SV,Inactiv,Normal,5
12:23:45,25.0,32.25,Senin,Zi,NE------>SV,Inactiv,Normal,5
12:23:59,25.0,32.25,Senin,Zi,NE------>SV,Inactiv,Normal,5
12:24:07,25.0,32.25,Senin,Zi,NE------>SV,Inactiv,Normal,5
12:24:16,25.0,32.25,Senin,Zi,NE------>SV,Inactiv,Normal,5
12:24:24,25.0,32.25,Senin,Zi,NE------>SV,Inactiv,Normal,5
12:24:32,25.0,32.25,Senin,Zi,NE------>SV,Inactiv,Normal,5
12:24:43,25.0,32.25,Senin,Zi,NE------>SV,Inactiv,Normal,5
12:24:52,25.0,32.25,Senin,Zi,NE------>SV,Inactiv,Normal,5
12:25:00,25.0,32.25,Senin,Zi,NE------>SV,Inactiv,Normal,5
12:25:09,25.0,32.25,Senin,Zi,NE------>SV,Inactiv,Normal,5
12:25:17,25.0,32.0,Senin,Zi,NE------>SV,Inactiv,Normal,5
12:25:31,25.0,31.75,Senin,Zi,NE------>SV,Inactiv,Normal,5
12:25:45,25.0,32.0,Senin,Zi,NE------>SV,Inactiv,Normal,5
12:25:56,25.0,32.0,Senin,Zi,NE------>SV,Inactiv,Normal,5
12:26:05,25.0,32.5,Senin,Zi,NE------>SV,Inactiv,Normal,5
12:26:21,25.0,32.5,Senin,Zi,NE------>SV,Inactiv,Normal,5
12:26:32,25.0,32.5,Senin,Zi,NE------>SV,Inactiv,Normal,5
12:26:46,25.0,32.5,Senin,Zi,NE------>SV,Inactiv,Normal,5
12:26:57,25.0,32.25,Senin,Zi,NE------>SV,Inactiv,Normal,5
12:27:09,25.0,32.5,Senin,Zi,NE------>SV,Inactiv,Normal,5
12:27:17,25.0,32.25,Senin,Zi,NE------>SV,Inactiv,Normal,5
12:27:32,25.0,32.0,Senin,Zi,NE------>SV,Inactiv,Normal,5
12:27:43,25.0,32.25,Senin,Zi,NE------>SV,Inactiv,Normal,5
12:27:53,25.0,32.0,Senin,Zi,NE------>SV,Inactiv,Normal,5
12:28:02,25.0,32.0,Senin,Zi,NE------>SV,Inactiv,Normal,5
12:28:10,25.0,32.0,Senin,Zi,NE------>SV,Inactiv,Normal,5
12:28:22,25.0,32.0,Senin,Zi,NE------>SV,Inactiv,Normal,5
12:28:36,25.0,32.0,Senin,Zi,NE------>SV,Inactiv,Normal,5
12:29:02,25.0,32.0,Senin,Zi,NE------>SV,Inactiv,Normal,5
12:29:10,25.0,32.5,Senin,Zi,NE------>SV,Inactiv,Normal,5
12:29:19,25.0,32.25,Senin,Zi,NE------>SV,Inactiv,Normal,5
12:29:30,25.0,32.25,Senin,Zi,NE------>SV,Inactiv,Normal,5
12:29:41,25.0,32.5,Senin,Zi,NE------>SV,Inactiv,Normal,5
12:29:50,25.0,32.5,Senin,Zi,NE------>SV,Inactiv,Normal,5
12:30:01,25.0,32.25,Senin,Zi,NE------>SV,Inactiv,Normal,5
12:30:10,25.0,32.5,Senin,Zi,NE------>SV,Inactiv,Normal,5
12:30:18,25.0,32.0,Senin,Zi,NE------>SV,Inactiv,Normal,5
12:30:27,25.0,32.25,Senin,Zi,NE------>SV,Inactiv,Normal,5
12:30:35,25.0,32.25,Senin,Zi,NE------>SV,Inactiv,Normal,5
12:30:49,25.0,32.5,Senin,Zi,NE------>SV,Inactiv,Normal,5
12:30:57,25.0,32.5,Senin,Zi,NE------>SV,Inactiv,Normal,5
12:31:06,25.0,32.5,Senin,Zi,NE------>SV,Inactiv,Normal,5
12:31:17,25.0,32.5,Senin,Zi,NE------>SV,Inactiv,Normal,5
12:31:25,25.0,32.5,Senin,Zi,NE------>SV,Inactiv,Normal,5
12:31:34,25.0,32.5,Senin,Zi,NE------>SV,Inactiv,Normal,5
12:31:42,25.0,32.5,Senin,Zi,NE------>SV,Inactiv,Normal,5
12:31:53,25.0,32.5,Senin,Zi,NE------>SV,Inactiv,Normal,5
12:32:02,25.0,32.25,Senin,Zi,NE------>SV,Inactiv,Normal,5
12:32:16,25.0,32.25,Senin,Zi,NE------>SV,Inactiv,Normal,5
12:32:24,25.0,32.25,Senin,Zi,NE------>SV,Inactiv,Normal,5
12:32:33,25.0,32.25,Senin,Zi,NE------>SV,Inactiv,Normal,5
12:32:41,25.0,32.5,Senin,Zi,NE------>SV,Inactiv,Normal,5
12:32:50,25.0,32.5,Senin,Zi,NE------>SV,Inactiv,Normal,5
12:32:58,25.0,32.25,Senin,Zi,NE------>SV,Inactiv,Normal,5
12:33:09,25.0,32.0,Senin,Zi,NE------>SV,Inactiv,Normal,5
12:33:17,25.0,32.25,Senin,Zi,NE------>SV,Inactiv,Normal,5
12:33:28,25.0,32.25,Senin,Zi,NE------>SV,Inactiv,Normal,5
12:33:39,25.0,32.0,Senin,Zi,NE------>SV,Inactiv,Normal,5
12:33:50,25.0,32.0,Senin,Zi,NE------>SV,Inactiv,Normal,5
12:33:59,25.0,32.0,Senin,Zi,NE------>SV,Inactiv,Normal,5
12:34:07,25.0,32.0,Senin,Zi,NE------>SV,Inactiv,Normal,5
12:34:16,25.0,32.0,Senin,Zi,NE------>SV,Inactiv,Normal,5
12:34:24,25.0,32.0,Senin,Zi,NE------>SV,Inactiv,Normal,5
12:34:33,25.0,32.0,Senin,Zi,NE------>SV,Inactiv,Normal,5
12:34:41,25.0,32.0,Senin,Zi,NE------>SV,Inactiv,Normal,5
12:34:52,25.0,32.0,Senin,Zi,NE------>SV,Inactiv,Normal,5
12:35:03,25.0,31.75,Senin,Zi,NE------>SV,Inactiv,Normal,5
12:35:15,25.0,32.0,Senin,Zi,NE------>SV,Inactiv,Normal,5
12:35:23,25.0,32.0,Senin,Zi,NE------>SV,Inactiv,Normal,5
12:35:34,25.0,32.25,Senin,Zi,NE------>SV,Inactiv,Normal,5
12:35:43,25.0,32.25,Senin,Zi,NE------>SV,Inactiv,Normal,5
12:35:56,25.0,32.25,Senin,Zi,NE------>SV,Inactiv,Normal,5
12:36:05,25.0,32.25,Senin,Zi,NE------>SV,Inactiv,Normal,5
12:36:19,25.0,32.25,Senin,Zi,NE------>SV,Inactiv,Normal,5
12:36:27,25.0,32.25,Senin,Zi,NE------>SV,Inactiv,Normal,5
12:36:36,25.0,32.0,Senin,Zi,NE------>SV,Inactiv,Normal,5
12:36:47,25.0,32.25,Senin,Zi,NE------>SV,Inactiv,Normal,5
12:36:59,25.0,32.0,Senin,Zi,NE------>SV,Inactiv,Normal,5
12:37:07,25.0,32.0,Senin,Zi,NE------>SV,Inactiv,Normal,5
12:37:21,25.0,32.25,Senin,Zi,NE------>SV,Inactiv,Normal,5
12:37:32,25.0,32.0,Senin,Zi,NE------>SV,Inactiv,Normal,5
12:37:43,25.0,32.0,Senin,Zi,NE------>SV,Inactiv,Normal,5
12:37:52,25.0,31.75,Senin,Zi,NE------>SV,Inactiv,Normal,5
12:38:00,25.0,31.75,Senin,Zi,NE------>SV,Inactiv,Normal,5
12:38:12,25.0,31.75,Senin,Zi,NE------>SV,Inactiv,Normal,5
12:38:20,25.0,31.75,Senin,Zi,NE------>SV,Inactiv,Normal,5
12:38:29,25.0,31.75,Senin,Zi,NE------>SV,Inactiv,Normal,5
12:38:37,25.0,31.75,Senin,Zi,NE------>SV,Inactiv,Normal,5
12:38:46,25.0,31.75,Senin,Zi,NE------>SV,Inactiv,Normal,5
12:38:57,25.0,31.75,Senin,Zi,NE------>SV,Inactiv,Normal,5
12:39:06,25.0,32.0,Senin,Zi,NE------>SV,Inactiv,Normal,5
12:39:25,25.0,31.75,Senin,Zi,NE------>SV,Inactiv,Normal,5
12:39:33,25.0,31.75,Senin,Zi,NE------>SV,Inactiv,Normal,5
12:39:44,25.0,31.75,Senin,Zi,NE------>SV,Inactiv,Normal,5
12:39:53,25.0,31.75,Senin,Zi,NE------>SV,Inactiv,Normal,5
12:40:01,25.0,31.75,Senin,Zi,NE------>SV,Inactiv,Normal,5
12:40:10,25.0,31.75,Senin,Zi,NE------>SV,Inactiv,Normal,5
12:40:18,25.0,31.75,Senin,Zi,NE------>SV,Inactiv,Normal,5
12:40:27,25.0,31.75,Senin,Zi,NE------>SV,Inactiv,Normal,5
12:40:35,25.0,31.75,Senin,Zi,NE------>SV,Inactiv,Normal,5
12:40:44,25.0,31.75,Senin,Zi,NE------>SV,Inactiv,Normal,5
12:40:55,25.0,31.75,Senin,Zi,NE------>SV,Inactiv,Normal,5
12:41:04,25.0,31.75,Senin,Zi,NE------>SV,Inactiv,Normal,5
12:41:12,25.0,31.75,Senin,Zi,NE------>SV,Inactiv,Normal,5
12:41:21,25.0,32.0,Senin,Zi,NE------>SV,Inactiv,Normal,5
12:41:29,25.0,31.75,Senin,Zi,NE------>SV,Inactiv,Normal,5
12:41:37,25.0,31.75,Senin,Zi,NE------>SV,Inactiv,Normal,5
12:41:51,25.0,31.75,Senin,Zi,NE------>SV,Inactiv,Normal,5
12:42:06,25.0,31.75,Senin,Zi,NE------>SV,Inactiv,Normal,5
12:42:15,25.0,31.75,Senin,Zi,NE------>SV,Inactiv,Normal,5
12:42:23,25.0,31.75,Senin,Zi,NE------>SV,Inactiv,Normal,5
12:42:35,25.0,31.75,Senin,Zi,NE------>SV,Inactiv,Normal,5
12:42:43,25.0,31.75,Senin,Zi,NE------>SV,Inactiv,Normal,5
12:42:51,25.0,31.75,Senin,Zi,NE------>SV,Inactiv,Normal,5
12:43:00,25.0,31.75,Senin,Zi,NE------>SV,Inactiv,Normal,5
12:43:08,25.0,31.75,Senin,Zi,NE------>SV,Inactiv,Normal,5
12:43:17,25.0,31.75,Senin,Zi,NE------>SV,Inactiv,Normal,5
12:43:31,25.0,31.75,Senin,Zi,NE------>SV,Inactiv,Normal,5
12:43:39,25.0,31.75,Senin,Zi,NE------>SV,Inactiv,Normal,5
12:43:48,25.0,31.75,Senin,Zi,NE------>SV,Inactiv,Normal,5
12:43:56,25.0,31.75,Senin,Zi,NE------>SV,Inactiv,Normal,5
12:44:05,25.0,31.75,Senin,Zi,NE------>SV,Inactiv,Normal,5
12:44:13,25.0,31.75,Senin,Zi,NE------>SV,Inactiv,Normal,5
12:44:22,25.0,32.0,Senin,Zi,NE------>SV,Inactiv,Normal,5
12:44:33,25.0,31.75,Senin,Zi,NE------>SV,Inactiv,Normal,5
12:44:41,25.0,31.75,Senin,Zi,NE------>SV,Inactiv,Normal,5
12:44:50,25.0,31.75,Senin,Zi,NE------>SV,Inactiv,Normal,5
12:44:58,25.0,31.75,Senin,Zi,NE------>SV,Inactiv,Normal,5
12:45:07,25.0,31.75,Senin,Zi,NE------>SV,Inactiv,Normal,5
12:45:15,25.0,31.75,Senin,Zi,NE------>SV,Inactiv,Normal,5
12:45:27,25.0,31.75,Senin,Zi,NE------>SV,Inactiv,Normal,5
12:45:35,25.0,31.75,Senin,Zi,NE------>SV,Inactiv,Normal,5
12:45:44,25.0,31.75,Senin,Zi,NE------>SV,Inactiv,Normal,5
12:45:55,25.0,31.75,Senin,Zi,NE------>SV,Inactiv,Normal,5
12:46:06,25.0,31.75,Senin,Zi,NE------>SV,Inactiv,Normal,5
12:46:15,25.0,31.75,Senin,Zi,NE------>SV,Inactiv,Normal,5
12:46:23,25.0,31.75,Senin,Zi,NE------>SV,Inactiv,Normal,5
12:46:32,25.0,31.75,Senin,Zi,NE------>SV,Inactiv,Normal,5
12:46:40,25.0,31.75,Senin,Zi,NE------>SV,Inactiv,Normal,5
12:46:49,25.0,31.75,Senin,Zi,NE------>SV,Inactiv,Normal,5
12:46:57,25.0,31.75,Senin,Zi,NE------>SV,Inactiv,Normal,5
12:47:05,25.0,31.75,Senin,Zi,NE------>SV,Inactiv,Normal,5
12:47:14,25.0,31.75,Senin,Zi,NE------>SV,Inactiv,Normal,5
12:47:22,25.0,31.75,Senin,Zi,NE------>SV,Inactiv,Normal,5
12:47:34,25.0,31.75,Senin,Zi,NE------>SV,Inactiv,Normal,5
12:47:42,25.0,31.75,Senin,Zi,NE------>SV,Inactiv,Normal,5
12:47:57,25.0,31.75,Senin,Zi,NE------>SV,Inactiv,Normal,5
12:48:11,25.0,31.75,Senin,Zi,NE------>SV,Inactiv,Normal,5
12:48:19,25.0,31.75,Senin,Zi,NE------>SV,Inactiv,Normal,5
12:48:28,25.0,31.75,Senin,Zi,NE------>SV,Inactiv,Normal,5
12:48:36,25.0,31.75,Senin,Zi,NE------>SV,Inactiv,Normal,5
12:48:45,25.0,31.75,Senin,Zi,NE------>SV,Inactiv,Normal,5
12:48:53,25.0,31.75,Senin,Zi,NE------>SV,Inactiv,Normal,5
12:49:02,25.0,31.75,Senin,Zi,NE------>SV,Inactiv,Normal,5
12:49:10,25.0,31.75,Senin,Zi,NE------>SV,Inactiv,Normal,5
12:49:19,25.0,31.75,Senin,Zi,NE------>SV,Inactiv,Normal,5
12:49:27,25.0,31.75,Senin,Zi,NE------>SV,Inactiv,Normal,5
12:49:36,25.0,31.75,Senin,Zi,NE------>SV,Inactiv,Normal,5
12:49:44,25.0,31.75,Senin,Zi,NE------>SV,Inactiv,Normal,5
12:49:52,25.0,31.75,Senin,Zi,NE------>SV,Inactiv,Normal,5
12:50:01,25.0,31.75,Senin,Zi,NE------>SV,Inactiv,Normal,5
12:50:09,25.0,31.75,Senin,Zi,NE------>SV,Inactiv,Normal,5
12:50:21,25.0,31.75,Senin,Zi,NE------>SV,Inactiv,Normal,5
12:50:29,25.0,31.75,Senin,Zi,NE------>SV,Inactiv,Normal,5
12:50:37,25.0,31.75,Senin,Zi,NE------>SV,Inactiv,Normal,5
12:50:49,25.0,31.75,Senin,Zi,NE------>SV,Inactiv,Normal,5
12:50:57,25.0,31.75,Senin,Zi,NE------>SV,Inactiv,Normal,5
12:51:06,25.0,31.75,Senin,Zi,NE------>SV,Inactiv,Normal,5
12:51:14,25.0,31.75,Senin,Zi,NE------>SV,Inactiv,Normal,5
12:51:23,25.0,31.75,Senin,Zi,NE------>SV,Inactiv,Normal,5
12:51:31,25.0,31.75,Senin,Zi,NE------>SV,Inactiv,Normal,5
12:51:39,25.0,31.75,Senin,Zi,NE------>SV,Inactiv,Normal,5
12:51:48,25.0,31.75,Senin,Zi,NE------>SV,Inactiv,Normal,5
12:51:56,25.0,31.75,Senin,Zi,NE------>SV,Inactiv,Normal,5
12:52:05,25.0,31.75,Senin,Zi,NE------>SV,Inactiv,Normal,5
12:52:19,25.0,31.75,Senin,Zi,NE------>SV,Inactiv,Normal,5
12:52:27,25.0,31.75,Senin,Zi,NE------>SV,Inactiv,Normal,5
12:52:36,25.0,31.75,Senin,Zi,NE------>SV,Inactiv,Normal,5
12:52:44,25.0,31.75,Senin,Zi,NE------>SV,Inactiv,Normal,5
12:53:01,25.0,31.75,Senin,Zi,NE------>SV,Inactiv,Normal,5
12:53:10,25.0,31.75,Senin,Zi,NE------>SV,Inactiv,Normal,5
12:53:21,25.0,31.75,Senin,Zi,NE------>SV,Inactiv,Normal,5
12:53:30,25.0,31.75,Senin,Zi,NE------>SV,Inactiv,Normal,5
12:53:42,25.0,31.75,Senin,Zi,NE------>SV,Inactiv,Normal,5
12:53:53,25.0,31.75,Senin,Zi,NE------>SV,Inactiv,Normal,5
12:54:10,25.0,31.75,Senin,Zi,NE------>SV,Inactiv,Normal,5
12:54:19,25.0,31.75,Senin,Zi,NE------>SV,Inactiv,Normal,5
12:54:27,25.0,31.75,Senin,Zi,NE------>SV,Inactiv,Normal,5
12:54:39,25.0,31.75,Senin,Zi,NE------>SV,Inactiv,Normal,5
12:54:47,25.0,31.75,Senin,Zi,NE------>SV,Inactiv,Normal,5
12:54:56,25.0,31.75,Senin,Zi,NE------>SV,Inactiv,Normal,5
12:55:04,25.0,31.75,Senin,Zi,NE------>SV,Inactiv,Normal,5
12:55:13,25.0,31.75,Senin,Zi,NE------>SV,Inactiv,Normal,5
12:55:21,25.0,31.75,Senin,Zi,NE------>SV,Inactiv,Normal,5
12:55:35,25.0,31.75,Senin,Zi,NE------>SV,Inactiv,Normal,5
12:55:44,25.0,31.75,Senin,Zi,NE------>SV,Inactiv,Normal,5
12:55:52,25.0,31.75,Senin,Zi,NE------>SV,Inactiv,Normal,5
12:56:01,25.0,31.75,Senin,Zi,NE------>SV,Inactiv,Normal,5
12:56:09,25.0,31.75,Senin,Zi,NE------>SV,Inactiv,Normal,5
12:56:17,25.0,31.75,Senin,Zi,NE------>SV,Inactiv,Normal,5
12:56:26,25.0,31.75,Senin,Zi,NE------>SV,Inactiv,Normal,5
12:56:34,25.0,31.75,Senin,Zi,NE------>SV,Inactiv,Normal,5
12:56:43,25.0,31.75,Senin,Zi,NE------>SV,Inactiv,Normal,5
12:56:59,25.0,31.75,Senin,Zi,NE------>SV,Inactiv,Normal,5
12:57:08,25.0,31.75,Senin,Zi,NE------>SV,Inactiv,Normal,5
12:57:16,25.0,31.75,Senin,Zi,NE------>SV,Inactiv,Normal,5
12:57:25,25.0,31.75,Senin,Zi,NE------>SV,Inactiv,Normal,5
12:57:36,25.0,31.75,Senin,Zi,NE------>SV,Inactiv,Normal,5
12:57:48,25.0,31.75,Senin,Zi,NE------>SV,Inactiv,Normal,5
12:57:57,25.0,31.75,Senin,Zi,NE------>SV,Inactiv,Normal,5
12:58:05,25.0,31.75,Senin,Zi,NE------>SV,Inactiv,Normal,5
12:58:16,25.0,31.5,Senin,Zi,NE------>SV,Inactiv,Normal,5
12:58:24,25.0,31.75,Senin,Zi,NE------>SV,Inactiv,Normal,5
12:58:33,25.0,31.75,Senin,Zi,NE------>SV,Inactiv,Normal,5
12:58:41,25.0,31.5,Senin,Zi,NE------>SV,Inactiv,Normal,5
12:58:50,25.0,31.75,Senin,Zi,NE------>SV,Inactiv,Normal,5
12:58:58,25.0,31.75,Senin,Zi,NE------>SV,Inactiv,Normal,5
12:59:15,25.0,31.75,Senin,Zi,NE------>SV,Inactiv,Normal,5
12:59:23,25.0,31.75,Senin,Zi,NE------>SV,Inactiv,Normal,5
12:59:32,25.0,31.75,Senin,Zi,NE------>SV,Inactiv,Normal,5
12:59:40,25.0,31.75,Senin,Zi,NE------>SV,Inactiv,Normal,5
12:59:51,25.0,31.75,Senin,Zi,NE------>SV,Inactiv,Normal,5
13:00:00,25.0,31.75,Senin,Zi,NE------>SV,Inactiv,Normal,5
13:00:08,25.0,31.75,Senin,Zi,NE------>SV,Inactiv,Normal,5
13:00:17,25.0,31.75,Senin,Zi,NE------>SV,Inactiv,Normal,5
13:00:25,25.0,31.75,Senin,Zi,NE------>SV,Inactiv,Normal,5
13:00:37,25.0,31.5,Senin,Zi,NE------>SV,Inactiv,Normal,5
13:00:45,25.0,31.75,Senin,Zi,NE------>SV,Inactiv,Normal,5
13:00:57,25.0,31.75,Senin,Zi,NE------>SV,Inactiv,Normal,5
13:01:05,25.0,31.75,Senin,Zi,NE------>SV,Inactiv,Normal,5
13:01:14,25.0,31.75,Senin,Zi,NE------>SV,Inactiv,Normal,5
13:01:22,25.0,31.75,Senin,Zi,NE------>SV,Inactiv,Normal,5
13:01:30,25.0,31.75,Senin,Zi,NE------>SV,Inactiv,Normal,5
13:01:42,25.0,31.75,Senin,Zi,NE------>SV,Inactiv,Normal,5
13:01:50,25.0,31.75,Senin,Zi,NE------>SV,Inactiv,Normal,5
13:01:59,25.0,31.75,Senin,Zi,NE------>SV,Inactiv,Normal,5
13:02:10,25.0,31.75,Senin,Zi,NE------>SV,Inactiv,Normal,5
13:02:18,25.0,31.75,Senin,Zi,NE------>SV,Inactiv,Normal,5
13:02:26,25.0,31.75,Senin,Zi,NE------>SV,Inactiv,Normal,5
13:02:37,25.0,31.75,Senin,Zi,NE------>SV,Inactiv,Normal,5
13:02:49,25.0,31.5,Senin,Zi,NE------>SV,Inactiv,Normal,5
13:02:57,25.0,31.5,Senin,Zi,NE------>SV,Inactiv,Normal,5
13:03:11,25.0,31.5,Senin,Zi,NE------>SV,Inactiv,Normal,5
13:03:22,25.0,31.5,Senin,Zi,NE------>SV,Inactiv,Normal,5
13:03:31,25.0,31.5,Senin,Zi,NE------>SV,Inactiv,Normal,5
13:03:39,25.0,31.5,Senin,Zi,NE------>SV,Inactiv,Normal,5
13:03:48,25.0,31.75,Senin,Zi,NE------>SV,Inactiv,Normal,5
13:03:59,25.0,31.5,Senin,Zi,NE------>SV,Inactiv,Normal,5
13:04:08,25.0,31.5,Senin,Zi,NE------>SV,Inactiv,Normal,5
13:04:16,25.0,31.5,Senin,Zi,NE------>SV,Inactiv,Normal,5
13:04:27,25.0,31.5,Senin,Zi,NE------>SV,Inactiv,Normal,5
13:04:36,25.0,31.5,Senin,Zi,NE------>SV,Inactiv,Normal,5
13:04:50,25.0,31.5,Senin,Zi,NE------>SV,Inactiv,Normal,5
13:05:12,25.0,31.5,Senin,Zi,NE------>SV,Inactiv,Normal,5
13:05:29,25.0,31.5,Senin,Zi,NE------>SV,Inactiv,Normal,5
13:05:40,25.0,31.5,Senin,Zi,NE------>SV,Inactiv,Normal,5
13:05:49,25.0,31.5,Senin,Zi,NE------>SV,Inactiv,Normal,5
13:05:57,25.0,31.5,Senin,Zi,NE------>SV,Inactiv,Normal,5
13:06:08,25.0,31.25,Senin,Zi,NE------>SV,Inactiv,Normal,5
13:06:19,25.0,31.5,Senin,Zi,NE------>SV,Inactiv,Normal,5
13:06:30,25.0,31.5,Senin,Zi,NE------>SV,Inactiv,Normal,5
13:06:38,25.0,31.25,Senin,Zi,NE------>SV,Inactiv,Normal,5
13:06:50,25.0,31.25,Senin,Zi,NE------>SV,Inactiv,Normal,5
13:07:01,25.0,31.25,Senin,Zi,NE------>SV,Inactiv,Normal,5
13:07:09,25.0,31.25,Senin,Zi,NE------>SV,Inactiv,Normal,5
13:07:18,25.0,31.25,Senin,Zi,NE------>SV,Inactiv,Normal,5
13:07:26,25.0,31.25,Senin,Zi,NE------>SV,Inactiv,Normal,5
13:07:35,25.0,31.25,Senin,Zi,NE------>SV,Inactiv,Normal,5
13:07:46,25.0,31.25,Senin,Zi,NE------>SV,Inactiv,Normal,5
13:07:59,25.0,31.5,Senin,Zi,NE------>SV,Inactiv,Normal,5
13:08:13,25.0,31.5,Senin,Zi,NE------>SV,Inactiv,Normal,5
13:08:21,25.0,31.25,Senin,Zi,NE------>SV,Inactiv,Normal,5
13:08:30,25.0,31.25,Senin,Zi,NE------>SV,Inactiv,Normal,5
13:08:38,25.0,31.5,Senin,Zi,NE------>SV,Inactiv,Normal,5
13:08:47,25.0,31.25,Senin,Zi,NE------>SV,Inactiv,Normal,5
13:08:55,25.0,31.25,Senin,Zi,NE------>SV,Inactiv,Normal,5
13:09:06,25.0,31.25,Senin,Zi,NE------>SV,Inactiv,Normal,5
13:09:17,25.0,31.25,Senin,Zi,NE------>SV,Inactiv,Normal,5
13:09:35,25.0,31.25,Senin,Zi,NE------>SV,Inactiv,Normal,5
13:09:43,25.0,31.25,Senin,Zi,NE------>SV,Inactiv,Normal,5
13:09:52,25.0,31.25,Senin,Zi,NE------>SV,Inactiv,Normal,5
13:10:00,25.0,31.25,Senin,Zi,NE------>SV,Inactiv,Normal,5
13:10:09,25.0,31.25,Senin,Zi,NE------>SV,Inactiv,Normal,5
13:10:17,25.0,31.25,Senin,Zi,NE------>SV,Inactiv,Normal,5
13:10:25,25.0,31.25,Senin,Zi,NE------>SV,Inactiv,Normal,5
13:10:34,25.0,31.25,Senin,Zi,NE------>SV,Inactiv,Normal,5
13:10:42,25.0,31.25,Senin,Zi,NE------>SV,Inactiv,Normal,5
13:10:51,25.0,31.25,Senin,Zi,NE------>SV,Inactiv,Normal,5
13:11:03,25.0,31.0,Senin,Zi,NE------>SV,Inactiv,Normal,5
